{
  "variants": {
    "powered=false,shape=ascending_east": {
      "model": "minecraft:block/activator_rail_raised_ne"
    },
    "powered=false,shape=ascending_north": {
      "model": "minecraft:block/activator_rail_raised_ne"
    },
    "powered=false,shape=ascending_south": {
      "model": "minecraft:block/activator_rail_raised_sw"
    },
    "powered=false,shape=ascending_west": {
      "model": "minecraft:block/activator_rail_raised_sw"
    },
    "powered=false,shape=east_west": {
      "model": "minecraft:block/activator_rail"
    },
    "powered=false,shape=north_south": {
      "model": "minecraft:block/activator_rail"
    },
    "powered=true,shape=ascending_east": {
      "model": "minecraft:block/activator_rail_on_raised_ne"
    },
    "powered=true,shape=ascending_north": {
      "model": "minecraft:block/activator_rail_on_raised_ne"
    },
    "powered=true,shape=ascending_south": {
      "model": "minecraft:block/activator_rail_on_raised_sw"
    },
    "powered=true,shape=ascending_west": {
      "model": "minecraft:block/activator_rail_on_raised_sw"
    },
    "powered=true,shape=east_west": {
      "model": "minecraft:block/activator_rail_on"
    },
    "powered=true,shape=north_south": {
      "model": "minecraft:block/activator_rail_on"
    }
  }
}