{
  "variants": {
    "face=ceiling,facing=east,powered=false": {
      "model": "minecraft:block/bamboo_button"
    },
    "face=ceiling,facing=east,powered=true": {
      "model": "minecraft:block/bamboo_button_pressed"
    },
    "face=ceiling,facing=north,powered=false": {
      "model": "minecraft:block/bamboo_button"
    },
    "face=ceiling,facing=north,powered=true": {
      "model": "minecraft:block/bamboo_button_pressed"
    },
    "face=ceiling,facing=south,powered=false": {
      "model": "minecraft:block/bamboo_button"
    },
    "face=ceiling,facing=south,powered=true": {
      "model": "minecraft:block/bamboo_button_pressed"
    },
    "face=ceiling,facing=west,powered=false": {
      "model": "minecraft:block/bamboo_button"
    },
    "face=ceiling,facing=west,powered=true": {
      "model": "minecraft:block/bamboo_button_pressed"
    },
    "face=floor,facing=east,powered=false": {
      "model": "minecraft:block/bamboo_button"
    },
    "face=floor,facing=east,powered=true": {
      "model": "minecraft:block/bamboo_button_pressed"
    },
    "face=floor,facing=north,powered=false": {
      "model": "minecraft:block/bamboo_button"
    },
    "face=floor,facing=north,powered=true": {
      "model": "minecraft:block/bamboo_button_pressed"
    },
    "face=floor,facing=south,powered=false": {
      "model": "minecraft:block/bamboo_button"
    },
    "face=floor,facing=south,powered=true": {
      "model": "minecraft:block/bamboo_button_pressed"
    },
    "face=floor,facing=west,powered=false": {
      "model": "minecraft:block/bamboo_button"
    },
    "face=floor,facing=west,powered=true": {
      "model": "minecraft:block/bamboo_button_pressed"
    },
    "face=wall,facing=east,powered=false": {
      "model": "minecraft:block/bamboo_button",
      "uvlock": true
    },
    "face=wall,facing=east,powered=true": {
      "model": "minecraft:block/bamboo_button_pressed",
      "uvlock": true
    },
    "face=wall,facing=north,powered=false": {
      "model": "minecraft:block/bamboo_button",
      "uvlock": true
    },
    "face=wall,facing=north,powered=true": {
      "model": "minecraft:block/bamboo_button_pressed",
      "uvlock": true
    },
    "face=wall,facing=south,powered=false": {
      "model": "minecraft:block/bamboo_button",
      "uvlock": true
    },
    "face=wall,facing=south,powered=true": {
      "model": "minecraft:block/bamboo_button_pressed",
      "uvlock": true
    },
    "face=wall,facing=west,powered=false": {
      "model": "minecraft:block/bamboo_button",
      "uvlock": true
    },
    "face=wall,facing=west,powered=true": {
      "model": "minecraft:block/bamboo_button_pressed",
      "uvlock": true
    }
  }
}