{
  "variants": {
    "facing=down,open=false": {
      "model": "minecraft:block/barrel"
    },
    "facing=down,open=true": {
      "model": "minecraft:block/barrel_open"
    },
    "facing=east,open=false": {
      "model": "minecraft:block/barrel"
    },
    "facing=east,open=true": {
      "model": "minecraft:block/barrel_open"
    },
    "facing=north,open=false": {
      "model": "minecraft:block/barrel"
    },
    "facing=north,open=true": {
      "model": "minecraft:block/barrel_open"
    },
    "facing=south,open=false": {
      "model": "minecraft:block/barrel"
    },
    "facing=south,open=true": {
      "model": "minecraft:block/barrel_open"
    },
    "facing=up,open=false": {
      "model": "minecraft:block/barrel"
    },
    "facing=up,open=true": {
      "model": "minecraft:block/barrel_open"
    },
    "facing=west,open=false": {
      "model": "minecraft:block/barrel"
    },
    "facing=west,open=true": {
      "model": "minecraft:block/barrel_open"
    }
  }
}