{
  "variants": {
    "attachment=ceiling,facing=east": {
      "model": "minecraft:block/bell_ceiling"
    },
    "attachment=ceiling,facing=north": {
      "model": "minecraft:block/bell_ceiling"
    },
    "attachment=ceiling,facing=south": {
      "model": "minecraft:block/bell_ceiling"
    },
    "attachment=ceiling,facing=west": {
      "model": "minecraft:block/bell_ceiling"
    },
    "attachment=double_wall,facing=east": {
      "model": "minecraft:block/bell_between_walls"
    },
    "attachment=double_wall,facing=north": {
      "model": "minecraft:block/bell_between_walls"
    },
    "attachment=double_wall,facing=south": {
      "model": "minecraft:block/bell_between_walls"
    },
    "attachment=double_wall,facing=west": {
      "model": "minecraft:block/bell_between_walls"
    },
    "attachment=floor,facing=east": {
      "model": "minecraft:block/bell_floor"
    },
    "attachment=floor,facing=north": {
      "model": "minecraft:block/bell_floor"
    },
    "attachment=floor,facing=south": {
      "model": "minecraft:block/bell_floor"
    },
    "attachment=floor,facing=west": {
      "model": "minecraft:block/bell_floor"
    },
    "attachment=single_wall,facing=east": {
      "model": "minecraft:block/bell_wall"
    },
    "attachment=single_wall,facing=north": {
      "model": "minecraft:block/bell_wall"
    },
    "attachment=single_wall,facing=south": {
      "model": "minecraft:block/bell_wall"
    },
    "attachment=single_wall,facing=west": {
      "model": "minecraft:block/bell_wall"
    }
  }
}