{
  "variants": {
    "facing=east,half=lower,hinge=left,open=false": {
      "model": "minecraft:block/birch_door_bottom_left"
    },
    "facing=east,half=lower,hinge=left,open=true": {
      "model": "minecraft:block/birch_door_bottom_left_open"
    },
    "facing=east,half=lower,hinge=right,open=false": {
      "model": "minecraft:block/birch_door_bottom_right"
    },
    "facing=east,half=lower,hinge=right,open=true": {
      "model": "minecraft:block/birch_door_bottom_right_open"
    },
    "facing=east,half=upper,hinge=left,open=false": {
      "model": "minecraft:block/birch_door_top_left"
    },
    "facing=east,half=upper,hinge=left,open=true": {
      "model": "minecraft:block/birch_door_top_left_open"
    },
    "facing=east,half=upper,hinge=right,open=false": {
      "model": "minecraft:block/birch_door_top_right"
    },
    "facing=east,half=upper,hinge=right,open=true": {
      "model": "minecraft:block/birch_door_top_right_open"
    },
    "facing=north,half=lower,hinge=left,open=false": {
      "model": "minecraft:block/birch_door_bottom_left"
    },
    "facing=north,half=lower,hinge=left,open=true": {
      "model": "minecraft:block/birch_door_bottom_left_open"
    },
    "facing=north,half=lower,hinge=right,open=false": {
      "model": "minecraft:block/birch_door_bottom_right"
    },
    "facing=north,half=lower,hinge=right,open=true": {
      "model": "minecraft:block/birch_door_bottom_right_open"
    },
    "facing=north,half=upper,hinge=left,open=false": {
      "model": "minecraft:block/birch_door_top_left"
    },
    "facing=north,half=upper,hinge=left,open=true": {
      "model": "minecraft:block/birch_door_top_left_open"
    },
    "facing=north,half=upper,hinge=right,open=false": {
      "model": "minecraft:block/birch_door_top_right"
    },
    "facing=north,half=upper,hinge=right,open=true": {
      "model": "minecraft:block/birch_door_top_right_open"
    },
    "facing=south,half=lower,hinge=left,open=false": {
      "model": "minecraft:block/birch_door_bottom_left"
    },
    "facing=south,half=lower,hinge=left,open=true": {
      "model": "minecraft:block/birch_door_bottom_left_open"
    },
    "facing=south,half=lower,hinge=right,open=false": {
      "model": "minecraft:block/birch_door_bottom_right"
    },
    "facing=south,half=lower,hinge=right,open=true": {
      "model": "minecraft:block/birch_door_bottom_right_open"
    },
    "facing=south,half=upper,hinge=left,open=false": {
      "model": "minecraft:block/birch_door_top_left"
    },
    "facing=south,half=upper,hinge=left,open=true": {
      "model": "minecraft:block/birch_door_top_left_open"
    },
    "facing=south,half=upper,hinge=right,open=false": {
      "model": "minecraft:block/birch_door_top_right"
    },
    "facing=south,half=upper,hinge=right,open=true": {
      "model": "minecraft:block/birch_door_top_right_open"
    },
    "facing=west,half=lower,hinge=left,open=false": {
      "model": "minecraft:block/birch_door_bottom_left"
    },
    "facing=west,half=lower,hinge=left,open=true": {
      "model": "minecraft:block/birch_door_bottom_left_open"
    },
    "facing=west,half=lower,hinge=right,open=false": {
      "model": "minecraft:block/birch_door_bottom_right"
    },
    "facing=west,half=lower,hinge=right,open=true": {
      "model": "minecraft:block/birch_door_bottom_right_open"
    },
    "facing=west,half=upper,hinge=left,open=false": {
      "model": "minecraft:block/birch_door_top_left"
    },
    "facing=west,half=upper,hinge=left,open=true": {
      "model": "minecraft:block/birch_door_top_left_open"
    },
    "facing=west,half=upper,hinge=right,open=false": {
      "model": "minecraft:block/birch_door_top_right"
    },
    "facing=west,half=upper,hinge=right,open=true": {
      "model": "minecraft:block/birch_door_top_right_open"
    }
  }
}