{
  "variants": {
    "facing=east,lit=false": {
      "model": "minecraft:block/blast_furnace"
    },
    "facing=east,lit=true": {
      "model": "minecraft:block/blast_furnace_on"
    },
    "facing=north,lit=false": {
      "model": "minecraft:block/blast_furnace"
    },
    "facing=north,lit=true": {
      "model": "minecraft:block/blast_furnace_on"
    },
    "facing=south,lit=false": {
      "model": "minecraft:block/blast_furnace"
    },
    "facing=south,lit=true": {
      "model": "minecraft:block/blast_furnace_on"
    },
    "facing=west,lit=false": {
      "model": "minecraft:block/blast_furnace"
    },
    "facing=west,lit=true": {
      "model": "minecraft:block/blast_furnace_on"
    }
  }
}