{
  "variants": {
    "facing=east,half=bottom,shape=inner_left": {
      "model": "minecraft:block/crimson_stairs_inner",
      "uvlock": true
    },
    "facing=east,half=bottom,shape=inner_right": {
      "model": "minecraft:block/crimson_stairs_inner"
    },
    "facing=east,half=bottom,shape=outer_left": {
      "model": "minecraft:block/crimson_stairs_outer",
      "uvlock": true
    },
    "facing=east,half=bottom,shape=outer_right": {
      "model": "minecraft:block/crimson_stairs_outer"
    },
    "facing=east,half=bottom,shape=straight": {
      "model": "minecraft:block/crimson_stairs"
    },
    "facing=east,half=top,shape=inner_left": {
      "model": "minecraft:block/crimson_stairs_inner",
      "uvlock": true
    },
    "facing=east,half=top,shape=inner_right": {
      "model": "minecraft:block/crimson_stairs_inner",
      "uvlock": true
    },
    "facing=east,half=top,shape=outer_left": {
      "model": "minecraft:block/crimson_stairs_outer",
      "uvlock": true
    },
    "facing=east,half=top,shape=outer_right": {
      "model": "minecraft:block/crimson_stairs_outer",
      "uvlock": true
    },
    "facing=east,half=top,shape=straight": {
      "model": "minecraft:block/crimson_stairs",
      "uvlock": true
    },
    "facing=north,half=bottom,shape=inner_left": {
      "model": "minecraft:block/crimson_stairs_inner",
      "uvlock": true
    },
    "facing=north,half=bottom,shape=inner_right": {
      "model": "minecraft:block/crimson_stairs_inner",
      "uvlock": true
    },
    "facing=north,half=bottom,shape=outer_left": {
      "model": "minecraft:block/crimson_stairs_outer",
      "uvlock": true
    },
    "facing=north,half=bottom,shape=outer_right": {
      "model": "minecraft:block/crimson_stairs_outer",
      "uvlock": true
    },
    "facing=north,half=bottom,shape=straight": {
      "model": "minecraft:block/crimson_stairs",
      "uvlock": true
    },
    "facing=north,half=top,shape=inner_left": {
      "model": "minecraft:block/crimson_stairs_inner",
      "uvlock": true
    },
    "facing=north,half=top,shape=inner_right": {
      "model": "minecraft:block/crimson_stairs_inner",
      "uvlock": true
    },
    "facing=north,half=top,shape=outer_left": {
      "model": "minecraft:block/crimson_stairs_outer",
      "uvlock": true
    },
    "facing=north,half=top,shape=outer_right": {
      "model": "minecraft:block/crimson_stairs_outer",
      "uvlock": true
    },
    "facing=north,half=top,shape=straight": {
      "model": "minecraft:block/crimson_stairs",
      "uvlock": true
    },
    "facing=south,half=bottom,shape=inner_left": {
      "model": "minecraft:block/crimson_stairs_inner"
    },
    "facing=south,half=bottom,shape=inner_right": {
      "model": "minecraft:block/crimson_stairs_inner",
      "uvlock": true
    },
    "facing=south,half=bottom,shape=outer_left": {
      "model": "minecraft:block/crimson_stairs_outer"
    },
    "facing=south,half=bottom,shape=outer_right": {
      "model": "minecraft:block/crimson_stairs_outer",
      "uvlock": true
    },
    "facing=south,half=bottom,shape=straight": {
      "model": "minecraft:block/crimson_stairs",
      "uvlock": true
    },
    "facing=south,half=top,shape=inner_left": {
      "model": "minecraft:block/crimson_stairs_inner",
      "uvlock": true
    },
    "facing=south,half=top,shape=inner_right": {
      "model": "minecraft:block/crimson_stairs_inner",
      "uvlock": true
    },
    "facing=south,half=top,shape=outer_left": {
      "model": "minecraft:block/crimson_stairs_outer",
      "uvlock": true
    },
    "facing=south,half=top,shape=outer_right": {
      "model": "minecraft:block/crimson_stairs_outer",
      "uvlock": true
    },
    "facing=south,half=top,shape=straight": {
      "model": "minecraft:block/crimson_stairs",
      "uvlock": true
    },
    "facing=west,half=bottom,shape=inner_left": {
      "model": "minecraft:block/crimson_stairs_inner",
      "uvlock": true
    },
    "facing=west,half=bottom,shape=inner_right": {
      "model": "minecraft:block/crimson_stairs_inner",
      "uvlock": true
    },
    "facing=west,half=bottom,shape=outer_left": {
      "model": "minecraft:block/crimson_stairs_outer",
      "uvlock": true
    },
    "facing=west,half=bottom,shape=outer_right": {
      "model": "minecraft:block/crimson_stairs_outer",
      "uvlock": true
    },
    "facing=west,half=bottom,shape=straight": {
      "model": "minecraft:block/crimson_stairs",
      "uvlock": true
    },
    "facing=west,half=top,shape=inner_left": {
      "model": "minecraft:block/crimson_stairs_inner",
      "uvlock": true
    },
    "facing=west,half=top,shape=inner_right": {
      "model": "minecraft:block/crimson_stairs_inner",
      "uvlock": true
    },
    "facing=west,half=top,shape=outer_left": {
      "model": "minecraft:block/crimson_stairs_outer",
      "uvlock": true
    },
    "facing=west,half=top,shape=outer_right": {
      "model": "minecraft:block/crimson_stairs_outer",
      "uvlock": true
    },
    "facing=west,half=top,shape=straight": {
      "model": "minecraft:block/crimson_stairs",
      "uvlock": true
    }
  }
}