{
  "variants": {
    "facing=east,hydration=0": {
      "model": "minecraft:block/dried_ghast_hydration_0"
    },
    "facing=east,hydration=1": {
      "model": "minecraft:block/dried_ghast_hydration_1"
    },
    "facing=east,hydration=2": {
      "model": "minecraft:block/dried_ghast_hydration_2"
    },
    "facing=east,hydration=3": {
      "model": "minecraft:block/dried_ghast_hydration_3"
    },
    "facing=north,hydration=0": {
      "model": "minecraft:block/dried_ghast_hydration_0"
    },
    "facing=north,hydration=1": {
      "model": "minecraft:block/dried_ghast_hydration_1"
    },
    "facing=north,hydration=2": {
      "model": "minecraft:block/dried_ghast_hydration_2"
    },
    "facing=north,hydration=3": {
      "model": "minecraft:block/dried_ghast_hydration_3"
    },
    "facing=south,hydration=0": {
      "model": "minecraft:block/dried_ghast_hydration_0"
    },
    "facing=south,hydration=1": {
      "model": "minecraft:block/dried_ghast_hydration_1"
    },
    "facing=south,hydration=2": {
      "model": "minecraft:block/dried_ghast_hydration_2"
    },
    "facing=south,hydration=3": {
      "model": "minecraft:block/dried_ghast_hydration_3"
    },
    "facing=west,hydration=0": {
      "model": "minecraft:block/dried_ghast_hydration_0"
    },
    "facing=west,hydration=1": {
      "model": "minecraft:block/dried_ghast_hydration_1"
    },
    "facing=west,hydration=2": {
      "model": "minecraft:block/dried_ghast_hydration_2"
    },
    "facing=west,hydration=3": {
      "model": "minecraft:block/dried_ghast_hydration_3"
    }
  }
}