{
  "variants": {
    "facing=down,powered=false": {
      "model": "minecraft:block/exposed_lightning_rod"
    },
    "facing=down,powered=true": {
      "model": "minecraft:block/lightning_rod_on"
    },
    "facing=east,powered=false": {
      "model": "minecraft:block/exposed_lightning_rod"
    },
    "facing=east,powered=true": {
      "model": "minecraft:block/lightning_rod_on"
    },
    "facing=north,powered=false": {
      "model": "minecraft:block/exposed_lightning_rod"
    },
    "facing=north,powered=true": {
      "model": "minecraft:block/lightning_rod_on"
    },
    "facing=south,powered=false": {
      "model": "minecraft:block/exposed_lightning_rod"
    },
    "facing=south,powered=true": {
      "model": "minecraft:block/lightning_rod_on"
    },
    "facing=up,powered=false": {
      "model": "minecraft:block/exposed_lightning_rod"
    },
    "facing=up,powered=true": {
      "model": "minecraft:block/lightning_rod_on"
    },
    "facing=west,powered=false": {
      "model": "minecraft:block/exposed_lightning_rod"
    },
    "facing=west,powered=true": {
      "model": "minecraft:block/lightning_rod_on"
    }
  }
}